{
  "calibration time": "Fri Feb  1 13:33:06 2019",
  "cameraMatric": {
    "rows": 3,
    "cols": 3,
    "data": [
      [
        699.1687510219555,
        1.1050265757296451,
        642.9975266054154
      ],
      [
        0.0,
        702.9590682614205,
        358.733443148994
      ],
      [
        0.0,
        0.0,
        1.0
      ]
    ]
  },
  "distortion co": {
    "rows": 1,
    "cols": 4,
    "data": [
      [
        1.3796694520280777,
        -1.3917696811798446,
        -0.001592914389173726,
        0.009008083857091162
      ]
    ]
  },
  "try": {
    "xi": [
      [
        1.5540759108636792
      ]
    ]
  }
}