{
  "calibration time": "Wed Jan 30 15:17:50 2019",
  "cameraMatric": {
    "rows": 3,
    "cols": 3,
    "data": [
      [
        556.178353297636,
        0.0,
        317.79912435813367
      ],
      [
        0.0,
        556.4845359606126,
        225.56387897097304
      ],
      [
        0.0,
        0.0,
        1.0
      ]
    ]
  },
  "distortion co": {
    "rows": 1,
    "cols": 4,
    "data": [
      [
        -0.1854138975672967,
        1.1808465568721087,
        -0.000333849132180386,
        0.0004068962400132947,
        -3.0073054147327904
      ]
    ]
  },
  "try": {
    "xi": 324
  }
}